Product URL,Product Name,Product Price,Rating,Number of Reviews
/gp/bestsellers/luggage/2917436031/ref=sr_bs_0_2917436031_1,American Tourister Fizz Large Size 32 Ltrs Casual Backpack (BLACK),"₹1,199",4.0 out of 5 stars,"54,992"
/Skybags-Brat-Black-Casual-Backpack/dp/B08Z1HHHTD,Skybags Brat Black 46 Cms Casual Backpack,₹669,4.1 out of 5 stars,"5,198"
/Wesley-Milestone-Waterproof-Backpack-Business/dp/B084JGJ8PF/ref=ice_ac_b_dpb,Wesley Milestone 2.0 Casual Waterproof Laptop Backpack/Office Bag/School Bag/College Bag/Business Bag/Travel Backpack (Dimensions:13x18 inches) (Compatible with 39.62cm(15.6inch laptop) 30 L (Blue & black),₹598,4.3 out of 5 stars,"11,859"
/Half-Moon-Backpack-Luggage-Compartment/dp/B09VCLZ3K4,Half Moon Large 37L Laptop Bag Backpack for menं Women Boys and Girls Luggage Travel Bags with 17.3 inches Laptop Compartment & Rain Cover,₹849,3.9 out of 5 stars,"3,237"
/Half-Moon-Waterproof-Backpack-Students/dp/B085MHDJ93,"Half Moon 35 Ltrs Water Resistant 15.6 inch Laptop Bag for Men/Backpack for Men, Navy Blue | Office Bag for Men/Office Bag for Women with Padded Laptop Compartment | Rain Cover & Reflective Strips",₹649,3.9 out of 5 stars,"16,604"
/Gear-Black-Laptop-Backpack-LBPASPIRE0104/dp/B075MK4TXP,Gear Cello 30 Ltrs Black Laptop Backpack (LBPASPIRE0104),"₹1,125",4.4 out of 5 stars,"5,922"
/Gear-Classic-Leather-Backpack-LBPCLSLTH0201/dp/B07G4F6XFH,Gear Classic 20L Faux Leather Water Resistant Anti Theft Laptop Bag/Backpack for Men/Women (Brown),₹987,4.4 out of 5 stars,"5,922"
/gp/bestsellers/computers/1375464031/ref=sr_bs_7_1375464031_1,"American Tourister VALEX BLACK LAPTOP BACKPACK 28 Ltrs,Volume, LAPTOP COMPARTMENT, BOTTLE POCKET, FRONT ORGANIZER","₹1,299",4.3 out of 5 stars,572
/TRUE-HUMAN-Anti-Theft-backpack-charging/dp/B09QJ7ZF2Y,"TRUE HUMAN Emperor Anti-Theft backpack With USB charging Port Laptop Bag, Office bag, college bag and anti -theft back pocket (Black)",₹689,3.8 out of 5 stars,"2,320"
/ADISA-Laptop-Backpack-Office-College/dp/B09TPX22NF,ADISA 15.6 inch Laptop Backpack Office Bag College Travel Back Pack 32 Ltrs (z-Navy Blue),₹499,3.9 out of 5 stars,"1,023"
/NORTH-ZONE-Waterproof-Backpack-Dimensions/dp/B0BS6QQZYN,NORTH ZONE Casual Waterproof Laptop Backpack/Office Bag/School Bag/College Bag/Business Bag/Travel Backpack (Dimensions:13x18 inches) (Compatible with 39.62cm(15.6inch laptop) 30 L,₹630,4.0 out of 5 stars,481
/NORTH-ZONE-Lightweight-Backpacks-Stylish/dp/B0BL3TVDK6,Northzone Lightweight school bags Backpacks for Boys Girls Stylish men and women Casual Travel Laptop Bag College office (Black) 40L,₹549,4.0 out of 5 stars,124
/Lenovo-15-6-Inches-Everyday-Backpack/dp/B08R7RPVJF,"Lenovo 15.6"" (39.62cm) Slim Everyday Backpack, Made in India, Compact, Water-resistant, Organized storage:Laptop sleeve,tablet pocket,front workstation,2-side pockets,Padded adjustable shoulder straps",₹839,4.3 out of 5 stars,"3,728"
/GEAR-Black-Blue-Backpack-years/dp/B019HA8AYG,Gear CarryOn 16L Foldable Water Resistant School Bag//Backpack/College Bag for Men/Women - Blue Black,₹224,3.7 out of 5 stars,"6,844"
/Half-Moon-Resistant-Backpack-Compartment/dp/B0BJ32LQ6X,Half Moon Large 37L Laptop Bag Backpack for menं Women Boys and Girls Luggage Travel Bags with 17.3 inches Laptop Compartment & Rain Cover,₹849,3.9 out of 5 stars,"3,237"
/American-Tourister-BACKPACK-COMPARTMENT-ORGANIZER/dp/B0BTD4FK9G,"American Tourister VALEX BLUE LAPTOP BACKPACK 28 Ltrs,Volume, LAPTOP COMPARTMENT, BOTTLE POCKET, FRONT ORGANIZER","₹1,399",4.2 out of 5 stars,520
/FATMUG-Laptop-Bag-Men-Convertible/dp/B084LF4RT5,"FATMUG Laptop Bag For Men - Convertible Backpack For Office And Travel (Dark Grey,Oxford Fabric)","₹1,599",4.4 out of 5 stars,"2,177"
/Arctic-Fox-Liters-String-Backpack/dp/B08L6Q9V1H,Arctic Fox 15 Liters Draw String Bag Lavender Backpack,₹229,4.3 out of 5 stars,"3,398"
/ADISA-Laptop-Backpack-Office-College/dp/B0BPVLXD53,ADISA 32L Large Laptop Backpack Office Bag College Travel Back Pack with rain Cover (Grey),₹599,3.8 out of 5 stars,262
/Safari-Backpack-Resistant-Polyester-Travelling/dp/B09B26VHXV,"Safari Flash Casual Backpack, 26 ltr Water Resistant Travel Bags| Weight Polyester Bagpack for Men and Women, Spacious Shoulder Bag for College, Office, Travelling and Camping",₹799,3.8 out of 5 stars,"2,986"
/Half-Moon-Resistant-Backpack-Compartment/dp/B0BLVQ9NTD,Half Moon Strike 35L Unisex Spacious School/Laptop/College/Office Travel Backpack Bag for Men Women Boys & Girls with 15.6 inch Padded Laptop Compartment & Multiple Pockets,₹699,3.8 out of 5 stars,578
/POLESTAR-Vintage-Laptop-Backpack-bagpack/dp/B081GSQ9D9,"POLESTAR Vintage 15.6 inch 32 LTR Casual Laptop Backpack/Office Bag/School Bag/College Bag/Business Bag/Unisex Backpack, Water Resistant and Light Weight, 1 year Warranty",₹549,3.9 out of 5 stars,"9,034"
/Skybags-Brat-Green-Casual-Backpack/dp/B08Z21W4TG,"Skybags Brat 46 Cms, 22 Ltrs Casual Backpack- Sea Green",₹669,4.0 out of 5 stars,"1,463"
/Arctic-Fox-Backpack-Charging-Laptop/dp/B089QBD333,Arctic Fox Slope Anti Theft 23 L Backpack with USB Charging Port 15 Inch Laptop Backpack (Marble Black),"₹1,439",4.5 out of 5 stars,"4,034"
/ADISA-Casual-Backpack-College-BP046-NAV_Navy/dp/B0BX3QFVSM,ADISA 31 Ltrs Casual Backpack School College Bag Pack,₹399,3.8 out of 5 stars,135
/F-Gear-Luxur-Brown-Backpack/dp/B01F7AX9ZA,F Gear Luxur Brown 25 liter Laptop Backpack (2404),"₹1,162",4.4 out of 5 stars,"16,972"
/Half-Moon-Resistant-Backpack-Compartment/dp/B0BHX7GY16,Half Moon Large 37L Laptop Bag Backpack for menं Women Boys and Girls Luggage Travel Bags with 17.3 inches Laptop Compartment & Rain Cover,₹849,3.9 out of 5 stars,"3,237"
/WILDHORN-Backpack-Compartment-Business-Stitching/dp/B09QL66G55,"WILDHORN 31L Laptop Backpack for Men/Women I Fits upto 15.6"" Laptop I Waterproof I Travel/Business/College Bookbags",₹599,4.0 out of 5 stars,"1,452"
/SAFARI-Ltrs-Casual-Backpack-DAYPACKNEO15CBSEB/dp/B07Q7CNPMV,Safari Compact Size 15 Ltrs Casual Backpack For Unisex Adult - Sea Blue,₹499,4.0 out of 5 stars,"20,026"
/Safari-Laptop-Backpack-Resistant-Fabric/dp/B09B25Z8M2,Safari Quill Large Laptop Backpack 26 Ltrs Water Resistant Fabric - Black,₹899,3.9 out of 5 stars,972
/Backpack-Small-Black-Water-Repellant/dp/B088XB5XY8,"Mi Step Out 12 L Mini Backpack (Small Size, Black, Water Repellant)",₹389,4.1 out of 5 stars,"9,478"
/Fur-Jaden-Black-Waterproof-Backpack/dp/B078GLXMDY,FUR JADEN Anti Theft Backpack 15.6 Inch Laptop Bag with USB Charging Port For Men Women Boys Girls,₹839,4.0 out of 5 stars,"13,806"
/Safari-Laptop-Backpack-Resistant-Fabric/dp/B09B28TKLG,Safari Quill Large Laptop Backpack 26 Ltrs Water Resistant Fabric - Blue,₹899,4.0 out of 5 stars,715
/ADISA-Laptop-Backpack-Office-College/dp/B0BPTV3795,ADISA 32L Large Laptop Backpack Office Bag College Travel Back Pack with rain Cover (Black),₹599,3.8 out of 5 stars,262
/BennettTM-Mystic-Shoulder-Messenger-Repellent/dp/B09321GJXZ,Bennett™ Mystic 15.6 inch (39.6cm) Laptop Briefcase Shoulder Sling Office Business Professional Travel Messenger Bag for Men and Women Water Repellent Formal Executive Bags (Grey) 6 Months Warranty,₹512,4.0 out of 5 stars,"6,215"
/Trajectory-Elegant-15-6-Laptop-Office/dp/B09RK6NCGC,Trajectory 15.6 Inch Vegan Leather Messenger Laptop bag for men in Office for all laptop like Apple MacBook with 2 Years Warranty and Spacious Multiple Compartment with Expandable Bottom Used as Shoulder and Handbag for Men,"₹1,399",4.1 out of 5 stars,477
/gp/bestsellers/luggage/2917507031/ref=sr_bs_4_2917507031_1,Sfane Polyester 23cms Duffle/Shoulder/Gym Bag for Men & Women with Separate Shoe Compartment (Grey),₹387,4.3 out of 5 stars,"7,637"
/Gear-Classic-Leather-Backpack-LBPCLSLTH0519/dp/B07G4JQX2F,Gear Cello Classic Anti Theft Faux Leather 20 Ltrs Navy Laptop Backpack (LBPCLSLTH0519),₹987,4.4 out of 5 stars,"6,496"
/American-Tourister-AMT-SCH-BAG02/dp/B07CGLDV2C,American Tourister Casual Backpack,"₹1,249",4.2 out of 5 stars,"4,051"
/Step-Backpack-Small-Water-Repellant/dp/B088XG77KN,"Mi Step Out 12 L Mini Backpack (Small Size, Red, Water Repellant)",₹319,4.1 out of 5 stars,"9,478"
/gp/bestsellers/luggage/1984997031/ref=sr_bs_8_1984997031_1,"Fur Jaden 55 LTR Rucksack Travel Backpack Bag for Trekking, Hiking with Shoe Compartment",₹849,4.3 out of 5 stars,"5,477"
/ZIPLINE-Polyester-Backpack-Children-Daypack/dp/B07XVMR33Q,Zipline Unisex casual polyester 36 L Backpack School Bag Women Men Boys Girls children Daypack College Bag Book School Sports Bag Weekend Bag,₹843,4.0 out of 5 stars,"6,104"
/gp/bestsellers/luggage/1984990031/ref=sr_bs_10_1984990031_1,"Storite Dust & Rain Cover for Backpack with Pouch, Waterproof Dustproof Rain Cover Bag Elastic Adjustable for School, College,Office, Trekking Bags (30L-35L,Black)",₹199,4.6 out of 5 stars,24
/Half-Moon-Backpack-Spacious-Multiple/dp/B0C23Z9W18,Half Moon Aztec 37L School Bag Class 5-12 | College Bagpack for Men/College Back pack for Women | 15.6 inch Laptop Bag for Men/Backpack for Men | Spacious & Multiple Pockets,₹649,3.6 out of 5 stars,160
/Nivia-6853-Polyester-Basic-Duffle/dp/B07FWQ9HRV,NIVIA Basic Duffle Polyester Bag/Gym Bags/Adjustable Shoulder Bag for Men/Duffle Gym Bags for Men/Fitness Bag/Carry Bags/Sports & Travel Bag/Sports Kit/Duffle Bags Travel,₹269,4.0 out of 5 stars,"3,687"
/Lunars-Bingo-Laptop-Resistant-48L/dp/B08YZ5XY31,Lunar's Bingo - 48 L Laptop Office/School/Travel/Business Backpack Water Resistant - Fits Up to 15.6 Inch Laptop Notebook with 1 Year Warranty,₹899,3.9 out of 5 stars,"9,906"
/Wildcraft-Packs18-Laptop-Backpack-Streak/dp/B07FC4D9B5,Wildcraft Work Packs'18 21 Ltrs Black Laptop Backpack (Streak Plus),"₹1,374",4.4 out of 5 stars,"1,978"
/Half-Moon-Trekking-Bags-Compartment/dp/B08PSX1LN9,Half Moon 45L Hammer Waterproof Laptop Travelling Rucksack Trekking Backpack for Travel Journey bags for Men Women Boys & Girls with 17.3inch Laptop Compartment & Rain cover,"₹1,349",4.1 out of 5 stars,"1,366"
/Safari-Casual-Backpack-Charging-Resistant/dp/B09B2581S9,"Safari Sneak Casual Backpack with USB Charging Port 26 Ltrs Water Resistant Fabric - Grey, L (SNEAK19CBGRE)",₹949,3.8 out of 5 stars,"1,021"
/STRABO-Cooper-Laptop-Bag-Capacity/dp/B0BX9SVT1D,"STRABO Cooper for Boys Girls Stylish Men and Women Casual 15"" inch 25L CANVAS Laptop BACKPACK | Office, College, Travel Bag",₹699,4.4 out of 5 stars,50
/Wesley-Spartan-Hiking-Raincover-Organiser/dp/B098QFF5TJ,Wesley Spartan Unisex Travel Hiking Laptop Bag fits Upto 17.3 inch with Raincover and Internal Organiser Backpack Rucksack College Bag,₹749,4.1 out of 5 stars,"1,560"
/Zipline-Nexa-Resistant-Bagpack-Backpack/dp/B08WQ668WJ,Zipline Unisex Casual Polyester 36 L Backpack School Bag Women Men Boys Girls Children Daypack College Bag Book School Sports Bag,₹843,3.6 out of 5 stars,931
/WILDHORN-Backpack-Compartment-Business-Stitching/dp/B09QL81ZHB,"WILDHORN 31L Laptop Backpack for Men/Women I Fits upto 15.6"" Laptop I Waterproof I Travel/Business/College Bookbags",₹599,4.0 out of 5 stars,"1,452"
/Tabelito-Laptop-Backpack-15-6-inch-Repellent/dp/B08Y5S6C2P,"TABELITO Casual Laptop Backpack 15.6-inch, 25 LTR Water Repellent",₹549,4.0 out of 5 stars,681
/Martucci-Casual-Travelling-Laptop-Backpack/dp/B088B4P6ZW,Martucci 15.6 inch 30 L Casual Waterproof Laptop Backpack/Office Bag/School Bag/College Bag/Business Bag/Unisex Travel Backpack(Black),₹549,3.9 out of 5 stars,"7,666"
/LOOKMUSTER-Waterproof-Backpack-College-Business/dp/B0BS6YGKMC,LOOKMUSTER Casual Waterproof Laptop Backpack/Office Bag/School Bag/College Bag/Business Bag/Travel Backpack…,₹499,3.9 out of 5 stars,37
/TRUE-Emperor-Anti-Theft-backpack-charging/dp/B0BYB631NR,"TRUE HUMAN® Emperor Anti-Theft Pocket backpack With USB charging Port Laptop,office,college,travel bag for men and women(Epower)",₹680,3.6 out of 5 stars,184
/Wildcraft-Black-Backpack-WC-Dare/dp/B06XD713N9,Wildcraft Polyester 35 Ltrs Black and Mel Backpack (WC 5 Dare),"₹1,635",4.4 out of 5 stars,"1,702"
/Urban-Tribe-Laptop-Backpack-Havana/dp/B01LXNNFDF,"URBAN TRIBE Havana Laptop Backpack for Men & Women | Laptop Bag 15.6 inch | Office Work/Casual/College Bag | Black, 27L",₹939,3.9 out of 5 stars,784
/Wesley-Milestone-Waterproof-Backpack-Business/dp/B085S444JV,"Wesley Milestone 2.0 Casual Waterproof Laptop Backpack/Office Bag/School Bag/College Bag/Business Bag/Travel Backpack (Dimensions:13x18 inches) (Compatible with 39.62cm(15.6inch laptop) 30 L, Charcoal black",₹598,4.3 out of 5 stars,"11,859"
/Safari-Spartan-Water-Resistant-Backpack/dp/B09B277CR5,"Safari Spartan 21 Ltrs Water Resistant Backpack - Teal, S (SPARTAN19CBTEA)",₹599,3.8 out of 5 stars,901
/Ritzy-Waterproof-Hi-Quality-External-Resistant/dp/B09Q172X7J,"Walkent Stylish 15.6"" Laptop Bag (Model Ritzy) Hi-Quality PU, Waterproof, Anti Theft, External USB, Scratch Resistant for Office College Men Women","₹2,809",4.2 out of 5 stars,121
/Half-Moon-Laptop-Bag-Compartment/dp/B0C1NZLF67,Half Moon Valex Unisex School Bag/Laptop Backpack/College Bagpack/Office Back Packed | Laptop Bag for Men & Women | School Bags for Boys & Girls with Small Pockets & Laptop Compartment,₹649,3.6 out of 5 stars,67
/ADISA-BP010-Weight-Casual-Backpack/dp/B07MXL986B,ADISA 32 Ltrs Water Resistant Casual Travel Bagpack/College Backpack/School Office Bag for Men and Women,₹499,4.0 out of 5 stars,"4,026"
/FATMUG-Foldable-Luggage-Packing-Storage/dp/B07YFNXC3H,"FATMUG Polyester Foldable Duffle Travel Bag Luggage For Travel, Packing And Storage - Men And Women - (60 L, Black)","₹1,099",4.2 out of 5 stars,"1,411"
/Gear-Polyester-Travel-Duffle-DUFCRSTNG0406/dp/B075MMWRW6,Gear Cross Training 22L Water Resistant Travel Duffle Bag/Gym Bag for Men/Women - Grey Orange,₹468,4.1 out of 5 stars,"16,594"
/gp/bestsellers/luggage/2917442031/ref=sr_bs_2_2917442031_1,DEIN KLEIDER Men's Nylon Messenger Bag,₹349,4.0 out of 5 stars,"5,146"
/FUR-JADEN-Backpack-Accessories-Organiser/dp/B0BSHBH9K2,"FUR JADEN 15.6 Inch Smart Laptop Backpack Bag With USB Charging Port, Anti Theft Pocket and Accessories Organiser for Men Women Boys Girls","₹1,329",4.1 out of 5 stars,563
/AirCase-C34-Laptop-Backpack-Women/dp/B07QN4KXWG,"AirCase Laptop Bag Backpack Case Pouch for Laptop Backpack for Men & Women,Premium Vegan Leather",₹929,3.8 out of 5 stars,859
/COSMUS-Multipurpose-Backpack-Bag-compartment/dp/B078JVT384,"COSMUS Madison waterproof Multipurpose Backpack With laptop compartment , 33L","₹1,375",4.2 out of 5 stars,"2,266"
/Hammonds-Flycatcher-Leather-Messenger-LB190BRN/dp/B083M1QK32,HAMMONDS FLYCATCHER Laptop Bag for Men - Genuine Leather Messenger Shoulder Bag - Fits 14/15.6/16 Inch Laptops - Brown Office Bag - Multiple Pockets -Water Resistant -Executive Bag for Work and Travel,"₹5,255",4.4 out of 5 stars,571
/Safari-Sheild-Resistant-Casual-Backpack/dp/B09B26T7KQ,Safari Sheild 26 Ltrs Water Resistant Casual Backpack - (SHEILD19CBBLK),₹699,3.9 out of 5 stars,"1,106"
/Classic-Leather-Laptop-Backpack-LBPCLSLTH1901/dp/B07G4CYC74,Gear Classic 20L Faux Leather Water Resistant Anti Theft Laptop Bag/Backpack for Men/Women-Tan,₹979,4.4 out of 5 stars,"2,487"
/PAZZO-Alto-40L-Casual-Backpack/dp/B07VT3F795,"PAZZO Alto 40L Casual Backpack - 3 Compartment Travel Backpack, College|School Bag with 1 Year Warranty",₹849,4.0 out of 5 stars,"1,768"
/Storite-Travel-Bag-Lightweight-GreenPink/dp/B0B3JBYZ8C,"Storite Nylon 46 Cm Imported Multi Purpose Travel Duffle Bag for Women with Dry and Wet Separate Pocket, Lightweight Waterproof Backpack Carry Luggage Bag with Shoe Compartment (GreenPink, 46x23x25 cm)","₹1,399",4.2 out of 5 stars,345
/Lunars-Comet-Resistant-Casual-Backpack/dp/B07WNFN1XS,Lunar's Comet 35L Water Resistant Travel Bagpack/College Backpack/School Bag/Office Bag/Business Backpack/Daypack for Men and Women with 1 Year Warranty,₹799,4.0 out of 5 stars,"13,547"
/Genie-compartments-Lightweight-Travelling-Purpose-36/dp/B097JHSJTL,"Genie Lily Laptop Backpack for Women, 3 compartments, Stylish and Trendy College Bags for Girls, Water Resistant and Lightweight Bags for Office and Travelling Purpose.36 litres (19 inch) Black colour",₹899,5.0 out of 5 stars,1
/NORTH-ZONE-Lightweight-Backpacks-Stylish/dp/B0BL3SPN16,NORTH ZONE Lightweight school bags Backpacks for Boys Girls Stylish men and women Casual Travel Laptop Bag College office,₹482,3.9 out of 5 stars,836
/Number-Backpack-Compartment-Charging-Organizer/dp/B09VTDMRY7,"FUR JADEN Anti Theft Number Lock Backpack Bag with 15.6 Inch Laptop Compartment, USB Charging Port & Organizer Pocket for Men Women Boys Girls",₹679,4.0 out of 5 stars,"4,939"
/F-Gear-Burner-Art-Lthr-Laptop-Backpack/dp/B085QWJVCZ,F Gear 22 Ltrs Burner Art Lthr Brown Laptop Backpack (3343),₹870,4.4 out of 5 stars,370
/Wesley-Milestone-Waterproof-Backpack-Business/dp/B07NJRPJ6Q,Wesley Milestone 15.6 inch 25 L Casual Waterproof Laptop Backpack/Office Bag/School Bag/College Bag/Business Bag/Unisex Travel Backpack (Black),₹448,4.3 out of 5 stars,"13,092"
/AirCase-C34-Laptop-Backpack-Women/dp/B07QL8633G,"AirCase Laptop Bag Backpack Case Pouch for Laptop Backpack for Men & Women,Premium Vegan Leather",₹929,4.0 out of 5 stars,"1,077"
/Gear-Vintage2-Leather-Backpack-LBPVG2LTH0201/dp/B07G4D13L7,Gear Vintage2 28L Faux Leather Water Resistant Anti Theft Laptop Bag/Backpack for Men/Women-Brown,₹987,4.4 out of 5 stars,"4,314"
/Gear-Beige-Casual-Backpack-BKPTRMP520522/dp/B00VWM11HQ,Gear Cello 26 Ltrs Navy Blue and Beige Casual Backpack (BKPTRMP520522),₹838,4.2 out of 5 stars,"5,673"
/ZAINTO-Textured-Leatherette-Stylish-Travelling/dp/B09CTY23YG,ZAINTO Unisex Textured Leatherette Stylish 35 Liter Cabin Bags for Travelling in Flight 7kg Latest Travel Textured Leather Duffle Bags for Men and Women (Brown),₹799,4.2 out of 5 stars,860
/FATMUG-Laptop-Bag-Men-Convertible/dp/B084LFS4G1,FATMUG Laptop Bag For Men - Convertible Backpack For Office And Travel (Navy Blue Oxford Fabric),"₹1,599",4.4 out of 5 stars,"2,177"
/Lavie-Sport-Duffle-Luggage-Wheeler/dp/B0992JCN1W,Lavie Sport Lino M Duffle Wheeler Bag for Travel | 2 Wheel Luggage Bag | Travel Bag with Adjustable Handle,₹749,3.8 out of 5 stars,"3,272"
/Genie-Flamenco2-Backpack-Compatible-Resistant/dp/B08YF9VHTY,Genie Flamenco2 Casual Backpacks for Women,₹729,4.3 out of 5 stars,"1,510"
/F-Gear-Blow-Laptop-Backpack/dp/B078J63VRY,"F Gear Blow Laptop Backpack With Rain Cover 32 Liters (Black,Grey) Sch Bag","₹1,099",4.3 out of 5 stars,"1,289"
/NORTH-ZONE-Waterproof-Backpack-Dimensions/dp/B0BS6QM2GD,NORTH ZONE Casual Waterproof Laptop Backpack/Office Bag/School Bag/College Bag/Business Bag/Travel Backpack (Dimensions:13x18 inches) (Compatible with 39.62cm(15.6inch laptop) 30 L,₹630,4.0 out of 5 stars,481
/Asus-BP1504-15-6-inch-Laptop-Backpack/dp/B0895ZZHKK,Asus BP1504 39.62 cm (15.6-inch) Laptop Backpack (Dark Grey),₹819,4.2 out of 5 stars,"1,697"
/Casual-Backpack-Charging-Laptop-Compartment/dp/B07J46KLFP,"Fur Jaden 15.6 Inch Laptop Backpack 25 LTR Bag for School, College and Office with USB Charging Port",₹479,3.9 out of 5 stars,"10,302"
/MOKOBARA-Work-Backpack-Resistant-Reflection/dp/B0C9J8JJ6C,"MOKOBARA The Work Backpack - II Black Nylon Water Resistant (16"") Laptop | Work | Travel Bag for Men and Women","₹8,999",4.0 out of 5 stars,1
/AmazonBasics-Casual-Backpack-Office-15-6-inch/dp/B09W4VMZ79,AmazonBasics - Casual Backpack/Office Bag/ for a 15.6-inch Laptop,₹699,4.2 out of 5 stars,651
/Arctic-Fox-Backpack-Charging-Laptop/dp/B089QB6D7B,Arctic Fox Slope Anti Theft 23 L Backpack with USB Charging Port 15 Inch Laptop Backpack (Marble Black),"₹1,439",4.5 out of 5 stars,"4,034"
/AmazonBasics-Mini-Backpack-Outdoor-Black/dp/B0BRKFXT9Z,AmazonBasics - Mini Backpack for Outdoor Use (12 l) (Black),₹279,3.7 out of 5 stars,546
/Hilfiger-Joshua-Backpack-TH-JOSHUALAP01/dp/B07N8GRWTZ,Tommy Hilfiger Joshua Laptop Backpack,"₹1,759",4.1 out of 5 stars,533
/Cosmus-Casual-Backpack-Charger-College/dp/B08D7D21FV,Cosmus Vogue Casual Laptop Backpack with USB Charger Port 44cm 26 Litre Grey College Bag,"₹1,409",4.2 out of 5 stars,"1,413"
/Lunars-V-Line-Resistant-Bagpack-College/dp/B08BP5CYDV,"Lunar's V-Line Backpack for Men, Blue | 35L Water Resistant School Bags for Boys | Stylish, & Durable | College Bags for Men/College Bag for Girls | 1 Yr Warranty",₹799,4.1 out of 5 stars,"2,633"
/Safari-Overnighter-Resistant-Polyester-Travelling/dp/B097JK3X9D,"Safari Crew Overnighter Backpack, 40 Ltr Water Resistant Travel Laptop Bag, Black Polyester Backpack for Men and Women, Spacious Shoulder Bag for Travelling and Camping","₹1,799",4.3 out of 5 stars,227
/Bennett-15-6-inch-College-Repellent-Backpack/dp/B09WZKHSDR,"Bennett Casual Laptop Bag School Bags for Boys Girls 15.6-inch, 25 LTR Office & College bags for Mens Water Repellent Backpack for Men & Women (GREY)",₹512,3.9 out of 5 stars,170
/Half-Moon-Resistant-Backpack-Compartment/dp/B09GG53CSL,Half Moon 34 L Water Resistant 15.6 inch Laptop Bag/Backpack for Men Women Boys Girls/Office School College with Padded Laptop Compartment (Grey),₹699,3.9 out of 5 stars,"1,341"
/Gear-Classic-Leather-Backpack-LBPCLSLTH0519/dp/B07G4JQX2F,Gear Cello Classic Anti Theft Faux Leather 20 Ltrs Navy Laptop Backpack (LBPCLSLTH0519),₹987,4.4 out of 5 stars,"6,496"
/ADISA-Womens-Girls-Party-Crossbody/dp/B0B2WBJ2H8,ADISA Women's Girls Party Sling Bag Crossbody,₹378,4.0 out of 5 stars,573
/Storage-Disposable-Freezer-Feeding-Transparent/dp/B099ZZ57FT,"Luv Lap LuvLap Baby Breast Milk Storage Bags (Pack of 25), BPA Free Disposable Milk Freezer Bags for Breast Feeding, Transparent",₹349,4.4 out of 5 stars,711
/House-Quirk-Maternity-Backpack-Elephant/dp/B07QV7SH4S,House of Quirk Baby Diaper Bag Maternity Backpack (Blue Elephant Printed),"₹1,399",4.3 out of 5 stars,"3,913"
/Lenovo-Professional-Backpack-Water-resistant-Uncompromised/dp/B08R7S55H4,"Lenovo 15.6"" Professional Backpack, Made in India, Water-resistant,Uncompromised storage, Travel friendly:Fleece-lined PC compartment,Vented,Padded BackPanel & Adjustable shoulder straps,Luggage strap",₹701,4.3 out of 5 stars,911
/Mokobara-Transit-Backpack-Laptop-Sunray/dp/B09V7R98XC,"MOKOBARA The Transit Backpack - 30L Premium Nylon 15.6"" Unisex Laptop Bag With Luggage Sleeve","₹4,999",4.5 out of 5 stars,588
/Genie-Heartbeat-compartments-Lightweight-Travelling/dp/B097JJFF6Z,"Genie Heartbeat Backpack for Women 3 compartments, School Bags for Girls, Stylish and Trendy College Backpacks for Girls, Water Resistant and Lightweight Bags for Office and Travelling Purpose.",₹870,4.5 out of 5 stars,272
/Genie-compartments-Resistant-Lightweight-Travelling/dp/B097JJ64SH,"Genie Fringe Laptop Backpack for Women, 3 compartments, Stylish and Trendy College Bags for Girls, Water Resistant and Lightweight Bags for Office and Travelling Purpose. 36 litres","₹1,299",5.0 out of 5 stars,8
/ADISA-Laptop-Backpack-Office-College/dp/B0BVRJYD9Q,ADISA 32L Large Laptop Backpack Office Bag College Travel Back Pack with rain Cover (Navy),₹599,3.7 out of 5 stars,44
/Gear-Executive-Anti-Theft-Backpack-BKPPKREXE0101/dp/B097KCMQKG,Gear Parker 23L Water Resistant Anti Theft Laptop Bag/Backpack for Men/Women - Black,₹644,4.3 out of 5 stars,427
/Chic-Buddy-Waterproof-Swimsuits-Toiletries/dp/B0B25B5PB6,"Chic Buddy Waterproof Wet Bag, Washable, Reusable for Travel, Beach, Pool, Stroller, Diapers, Dirty Gym Clothes, Wet Swimsuits, Toiletries",₹299,4.4 out of 5 stars,384
/Hilfiger-Connor-Backpack-TH-CONNORLAP07/dp/B07N99SXB1,Tommy Hilfiger Connor Laptop Backpack,"₹1,649",4.1 out of 5 stars,127
/Swisslook-Polyester-15-6-inch-Backpack-Waterproof/dp/B07XYTZP4Z,Red Lemon Swisslook Polyester Bange Series 45L 15.6-inch Laptop Bags Backpack for Men and Women Semi Waterproof USB with Anti Theft Pocket Travel Backpack,"₹2,839",4.3 out of 5 stars,"1,709"
/EUME-Virgo-29Ltr-Laptop-Backpack/dp/B08R563J3T,"EUME Virgo 3 Compartment Office and College Bags, Polyester Casual Daypacks, Laptop Backpacks","₹1,199",4.2 out of 5 stars,297
/COSMUS-Polyester-Multi-functional-Convertible-15-6-Inch/dp/B07D1R1K84,COSMUS Agility Convertible Backpack Messenger Bag Shoulder bag Laptop Case Handbag Business Briefcase Multi-functional Travel Bag Fits 15.6 Inch Laptop,"₹2,255",4.2 out of 5 stars,966
/COSMUS-Polyester-Navy-Laptop-Backpack/dp/B01FVQLLU0,COSMUS Darwin Navy Blue Laptop Backpack for (15.6 inch),"₹1,333",4.3 out of 5 stars,"10,026"
/LIBRA-Motorcycle-Backpack-Waterproof-Programmable/dp/B0C944JRPV,"LIBRA LED Motorcycle Hard Shell Backpack, Waterproof Backpack with Programmable and Color Screen, DIY Smart LED Display, Travel Backpack, Laptop Bag for Men","₹24,859",4.0 out of 5 stars,1
/Aristocrat-Unisex-Oxford-Fabric-28-82L/dp/B09ZV86P4S,Aristocrat Unisex Black Oxford Fabric 28.82L Laptop Bags,₹760,3.5 out of 5 stars,62
/ADISA-Laptop-Backpack-Office-College/dp/B0BXQZ6Q85,ADISA Large Laptop Backpack Office Bag College Travel Back Pack with USB (Black),₹499,3.9 out of 5 stars,82
/gp/bestsellers/shoes/1983352031/ref=sr_bs_12_1983352031_1,INOVERA (LABEL) Women Handbags Shoulder Hobo Bag Purse With Long Strap,"₹1,299",4.1 out of 5 stars,"8,297"
/Chic-Buddy-Waterproof-Swimsuits-Toiletries/dp/B09KSBHC18,"Chic Buddy Waterproof Wet Bag, Washable, Reusable for Travel, Beach, Pool, Stroller, Diapers, Dirty Gym Clothes, Wet Swimsuits, Toiletries",₹299,4.4 out of 5 stars,384
/AmazonBasics-Ltrs-Large-Duffel-Bag/dp/B01GGNW5AM,AmazonBasics Nylon 43 Cms Travel Duffle Bag (Red),₹699,4.3 out of 5 stars,"6,822"
/Tabelito%C2%AE-Delta-Waterproof-Backpack-Compatible/dp/B0BLK1Z7DQ,"Tabelito® DELTA Casual Waterproof Laptop Backpack/Office Bag/School Bag/College Bag/Business Bag/Unisex Travel Backpack (Compatible with 15.6 inch Laptop) 30 L, (6 Month Warranty)",₹599,4.6 out of 5 stars,191
/Aristocrat-Unisex-Oxford-Fabric-28-82L/dp/B09ZV86P4S,Aristocrat Unisex Black Oxford Fabric 28.82L Laptop Bags,₹760,3.5 out of 5 stars,62
/Tabelito%C2%AE-Delta-Waterproof-Backpack-Compatible/dp/B0BLK1Z7DQ,"Tabelito® DELTA Casual Waterproof Laptop Backpack/Office Bag/School Bag/College Bag/Business Bag/Unisex Travel Backpack (Compatible with 15.6 inch Laptop) 30 L, (6 Month Warranty)",₹599,4.6 out of 5 stars,191
/HAMMONDS-FLYCATCHER-Genuine-Shoulder-Messenger/dp/B07P2TQH78,"HAMMONDS FLYCATCHER Genuine Leather Laptop Bag for Men - Office Bag, Brown Color - Fits Up to 14/15.6/16 Inch Laptop/MacBook - Laptop Messenger Bags/Leather Bag for Men with Adjustable Shoulder Strap","₹2,623",4.3 out of 5 stars,"4,911"
/AmazonBasics-Ltrs-Large-Duffel-Bag/dp/B01GGNW5AM,AmazonBasics Nylon 43 Cms Travel Duffle Bag (Red),₹699,4.3 out of 5 stars,"6,822"
/DZert-Polyester-Black-White-Backpack/dp/B07GXX2BP3,DZert Clasy Laptop Bag College Bag for Boys Girls 21 L Red Black,₹339,3.8 out of 5 stars,"2,496"
/HYDER-Gamepad-Waterproof-Backpack-Everyday/dp/B0BR3KK8TR,"HYDER 35L Latest And Trendy Stylish Waterproof College/Casual/School Bag/Backpack For Kids, Boys, Girls, Men And Women | Best Bags For Everyday Use",₹735,4.2 out of 5 stars,133
/Amazon-Basics-Messenger-13-3-Inch-14-Inch/dp/B09WMQ4Y7H,"Amazon Basics- Laptop Messenger Bag for 13.3-Inch, 14-Inch, 15.6 -Inch Laptop Bag for Men and Women",₹499,3.7 out of 5 stars,61
/TRUE-EMPEROR-charging-college-CAPTAIN/dp/B0C6HZDWRQ,"TRUE HUMAN® EMPEROR 15.6 inch laptop bag with USB charging port Laptop bag,office bag, college bags anti theft (CAPTAIN)",₹649,3.8 out of 5 stars,8
/Nivia-5183NB-Gym-Navy-Blue/dp/B07NJGW3WX,NIVIA Beast Gym Bag-4 Polyester/Unisex Gym Bags/Shoulder Bag for Men & Women with Separate Shoes Compartment/Carry Gym Accessories/Fitness Bag/Sports & Travel Bag/Sports Kit (Navy Blue),₹523,3.9 out of 5 stars,111
/Aristocrat-Zeal-Unisex-Grey-Laptop/dp/B0B5YHC1W5,Aristrocrat Unisex Laptop Bag Grey One Size,₹799,4.3 out of 5 stars,29
/Gear-Workspace-Briefcase-Black-Red-BKPWRPHYD0101/dp/B097KGL2M5,Gear Workspace 18L Water Resistant Laptop Bag/Backpack/Office Bag for Men/Women-Black,₹907,4.2 out of 5 stars,336
/Wesley-Liter-Casual-Daypack-Backpack/dp/B0BVVY98PZ,Wesley 15 Liter Casual Daypack Backpack,₹168,3.8 out of 5 stars,75
/ADISA-BP005-Weight-Casual-Backpack/dp/B07F3X45WZ,ADISA Light Weight Laptop Backpack 32 Ltrs,₹499,4.0 out of 5 stars,"6,018"
/Storite-Cross-Travel-Dark-Grey/dp/B07PFF4RYC,Storite Stylish Padded Small Nylon Sling Cross Body Travel Office Business Messenger One Side Shoulder Bag for Men Women (25x16x7.5cm) (Dark Grey),₹395,4.1 out of 5 stars,"8,585"
/FloMotif-Business-Shoulder-material-resistant/dp/B07NHYLTY7,ZOUK Black Floral Printed Handmade Vegan Leather Women's Office Bag for 15.6 inch Laptop with double handles - FloMotif,"₹1,689",4.3 out of 5 stars,957
/Yondella-Sling-Medium-Sky-Blue/dp/B07TZ8R5QN,Caprese Yondella Women's Sling Bag,₹999,4.1 out of 5 stars,"1,284"
/Wesley-Liter-Casual-Daypack-Backpack/dp/B0BVVY98PZ,Wesley 15 Liter Casual Daypack Backpack,₹168,3.8 out of 5 stars,75
/Storite-Cross-Travel-Dark-Grey/dp/B07PFF4RYC,Storite Stylish Padded Small Nylon Sling Cross Body Travel Office Business Messenger One Side Shoulder Bag for Men Women (25x16x7.5cm) (Dark Grey),₹395,4.1 out of 5 stars,"8,585"
/ADISA-Laptop-Backpack-College-z-Black/dp/B09TPY1G1W,ADISA 15.6 inch Laptop Backpack Office Bag College Travel Back Pack 32 Ltrs (z-Black),₹499,3.9 out of 5 stars,"1,023"
/ADISA-BP005-Weight-Casual-Backpack/dp/B07F3X45WZ,ADISA Light Weight Laptop Backpack 32 Ltrs,₹499,4.0 out of 5 stars,"6,018"
/Yondella-Sling-Medium-Sky-Blue/dp/B07TZ8R5QN,Caprese Yondella Women's Sling Bag,₹999,4.1 out of 5 stars,"1,284"
/FloMotif-Business-Shoulder-material-resistant/dp/B07NHYLTY7,ZOUK Black Floral Printed Handmade Vegan Leather Women's Office Bag for 15.6 inch Laptop with double handles - FloMotif,"₹1,689",4.3 out of 5 stars,957
/Crossbody-Adjustable-Durable-Water-Resistant-Travel-Friendly/dp/B0C3RC1ZG2,"Amazon Basics Sling Bag/Crossbody Bag with Adjustable Strap for Daily and Travel Use, Durable, Water-Resistant, Travel-Friendly (Unisex, Blue)",₹349,4.7 out of 5 stars,986
/Tabelito-NEXA-Backpack-Business-Compartment/dp/B0C2D4KWQ6,"Tabelito® NEXA 3O L Water Resistant Laptop/College/Office/School/Travel/Business Bag, Unisex Backpack for Men Women Fits Up to 15.6 Inch Laptop Notebook. (GREY)",₹399,4.3 out of 5 stars,77
/Gear-Training-Travel-Duffel-DUFCRSTNG4314/dp/B098FG3GVX,Gear Polyester 23 Cms Travel Bag(DUFCRSTNG4314_Khaki),₹489,4.1 out of 5 stars,531
/Right-Choice-Stylish-College-Backpack/dp/B07ZVXDHCK,RIGHTCHOICE Quality Stylish Casual Backpack Daily use Unisex Typography College Bags (Boys and Girls),₹259,3.5 out of 5 stars,975
/HEROZ-Hammer-Durable-Travel-Laptop/dp/B07MGDFT9C,HEROZ Hammer Unisex Nylon 45 L Travel Laptop Backpack Water Resistant Slim Durable Fits Up to 17.3 Inch Laptop Notebook (All) (Grey & Black),"₹1,359",4.3 out of 5 stars,"8,034"
/Fur-Jaden-Charging-Waterproof-BM36_BlueZip/dp/B07MXM5M99,"Fur Jaden 15.6 Inch Laptop Backpack 25 LTR Bag for School, College and Office with USB Charging Port",₹479,3.9 out of 5 stars,"10,302"
/Nivia-5227-Junior-Others-Orange/dp/B08D7QKCX5,Nivia Pulse Junior Bag (Orange),₹294,3.7 out of 5 stars,223
/Kuber-Industries-Carrying-Multi-Purpose-CTKTC034726/dp/B083J6774T,Kuber Industries Rexine Jumbo Attachi Travel Blanket Cover|Travel Duffle|Storage Carrying Bag|Travel Multi-Purpose Bag|Size 58 x 48 x 34 CM (Grey) CTKTC034726,₹396,3.7 out of 5 stars,918
/gp/bestsellers/electronics/1389022031/ref=sr_bs_14_1389022031_1,"Dyazo Water Resistant Camera Bag/Case Shoulder Strap Space for Photography Lens and Accessories Compatible for Nikon, Canon, Sony, Panasonic, Samsung & Other SLR/DSLR etc (Black & Silver)",₹799,4.3 out of 5 stars,417
/LuvLap-Travel-Multifunctional-Waterproof-Bag-Backpack/dp/B07W6Z8XKB,LuvLap Lily Travel Multifunctional Waterproof Diaper Bag-Backpack Cum Tote Bag (Black),"₹1,149",4.4 out of 5 stars,942
/gp/bestsellers/electronics/1389022031/ref=sr_bs_0_1389022031_1,"Dyazo Water Resistant Camera Bag/Case Shoulder Strap Space for Photography Lens and Accessories Compatible for Nikon, Canon, Sony, Panasonic, Samsung & Other SLR/DSLR etc (Black & Silver)",₹799,4.3 out of 5 stars,417
/LuvLap-Travel-Multifunctional-Waterproof-Bag-Backpack/dp/B07W6Z8XKB,LuvLap Lily Travel Multifunctional Waterproof Diaper Bag-Backpack Cum Tote Bag (Black),"₹1,149",4.4 out of 5 stars,942
/Half-Moon-Waterproof-Backpack-Students/dp/B0BR149RMT,Half Moon 35 L Casual Waterproof Laptop Bag/Backpack for Men Women Boys Girls/Office School College Teens & Students with Rain Cover (18 Inch) (Sky Blue),₹699,3.6 out of 5 stars,88
/Caprese-Yondella-Womens-Sling-Saddle/dp/B07B9FBW3C,Caprese Yondella Women's Sling Bag (Saddle),₹928,4.3 out of 5 stars,354
/F-Gear-Enzo-Waist-Bag-Enzo-Spruce-Yellow/dp/B08QM71P12,F Gear Enzo Sports Waist Bag (Enzo Spruce Yellow),₹265,4.2 out of 5 stars,202
/Gear-Bounce-Backpack-Grey-Orange-BKPBOUNCE0604/dp/B097KCLF5F,Gear Bounce 27 Ltrs Water Resistant School Bag/Backpack/College Bag for Men/Women-Grey Orange,₹614,3.6 out of 5 stars,470
/Gear-Beige-Casual-Backpack-BKPTRMP520522/dp/B00VWM11HQ,Gear Cello 26 Ltrs Navy Blue and Beige Casual Backpack (BKPTRMP520522),₹838,4.2 out of 5 stars,"5,673"
/Asus-BP1504-15-6-inch-Laptop-Backpack/dp/B0895ZZHKK,Asus BP1504 39.62 cm (15.6-inch) Laptop Backpack (Dark Grey),₹819,4.2 out of 5 stars,"1,697"
/Murano-Casual-daybackpack-Office-College/dp/B0BX9FLPNX,Murano Louis 10ltr Casual daybackpack/Office & Travel Bag/School Bag/College Bag/Men/Women/Girl/Boy (Orange),₹168,3.2 out of 5 stars,38
/Bennett-15-6-inch-College-Repellent-Backpack/dp/B09WZHX3B1,"Bennett Casual Laptop Bag school bags for boys girls 15.6-inch, 25 LTR Office & College bags for mens Water Repellent Backpack for Men & Women (Black)",₹512,3.9 out of 5 stars,330
/Police-Polyester-Laptop-Spec-Backpack/dp/B07ZB8NWTZ,POLICE Polyester 35 Ltr Laptop Big Low Spec Laptop Backpack - Black/Navy,"₹1,569",3.3 out of 5 stars,213
/F-Gear-Blackhawk-Black-Laptop-Backpack/dp/B07XMRGQCM,F Gear Blackhawk 40 Ltrs Black Laptop Backpack (3178),"₹1,430",4.3 out of 5 stars,"1,038"
/Wildcraft-Typo_Blk-Casual-Backpack-11619-Typo_Blk/dp/B079MBFH5V,Wildcraft 35 ltrs (19 Cms) Casual Backpack(11619-Typo_Blk_Black),"₹1,394",4.1 out of 5 stars,397
/BEAUTY-GIRLS-HOTSHOT-School-1565/dp/B0BFXCHQZ5,"BEAUTY GIRLS By HOTSHOT Girls School Bag (15ltr , Navy Blue, 1565)",₹499,3.7 out of 5 stars,273
/NORTH-ZONE-Northzone-Business-Messenger/dp/B0C555LQF4,NORTH ZONE Northzone Sling Cross Body Travel Office Business Messenger One Side Shoulder Pouch Bag Money Bag for Men and Women,₹249,4.0 out of 5 stars,38
/F-Gear-Circadian-Guc-Black-Casual-Backpack/dp/B084THQXCD,F Gear Circadian Guc Black 27 Ltrs Casual Backpack (3330),₹799,4.2 out of 5 stars,726
/Murano-Casual-daybackpack-Office-College/dp/B0BX9FLPNX,Murano Louis 10ltr Casual daybackpack/Office & Travel Bag/School Bag/College Bag/Men/Women/Girl/Boy (Orange),₹168,3.2 out of 5 stars,38
/F-Gear-Circadian-Guc-Black-Casual-Backpack/dp/B084THQXCD,F Gear Circadian Guc Black 27 Ltrs Casual Backpack (3330),₹799,4.2 out of 5 stars,726
/MosQuick%C2%AE-Drawstring-Organizing-Stationery-multipurpose/dp/B09SB42QFQ,"MosQuick® Clear large Drawstring Bags Clear Plastic Travel Bags, Travel Garments Organizing Storage Plastic Bags ,Shoe bags , Stationery Bag,multipurpose bag - Translucent",₹310,4.0 out of 5 stars,69
/F-Gear-Blackhawk-Black-Laptop-Backpack/dp/B07XMRGQCM,F Gear Blackhawk 40 Ltrs Black Laptop Backpack (3178),"₹1,430",4.3 out of 5 stars,"1,038"
/Amazon-Basics-Laptop-Backpack-Repellent/dp/B09W49FSX1,"AmazonBasics Laptop Backpack - 24L, Water Repellent and Wear Resistant, Dark Grey",₹799,4.2 out of 5 stars,651
/DZert-Polyester-Black-White-Laptop/dp/B07H193V57,DZert Clasy Laptop Bag College Bag for Boys Girls 21 L Black,₹339,3.8 out of 5 stars,"2,496"
/BEAUTY-GIRLS-HOTSHOT-School-1565/dp/B0BFXCHQZ5,"BEAUTY GIRLS By HOTSHOT Girls School Bag (15ltr , Navy Blue, 1565)",₹499,3.7 out of 5 stars,273
/Skybags-Unisex-Black-Jacqard-Laptop/dp/B09ZV81F6M,Skybags Unisex Black Jacqard 34L Laptop Bags,"₹1,149",4.1 out of 5 stars,43
/NORTH-ZONE-Northzone-Business-Messenger/dp/B0C555LQF4,NORTH ZONE Northzone Sling Cross Body Travel Office Business Messenger One Side Shoulder Pouch Bag Money Bag for Men and Women,₹249,4.0 out of 5 stars,38
/Tabelito-NEO-Backpack-Business-Compartment/dp/B0C2D24G29,"Tabelito® NEO 3O L Water Resistant Laptop/College/Office/School/Travel/Business Bag, Unisex Backpack for Men Women Fits Up to 15.6 Inch Laptop Notebook.",₹399,3.9 out of 5 stars,108
/Tabelito-NEXA-Backpack-Business-Compartment/dp/B0C2D3YR7T,"Tabelito® NEXA 3O L Water Resistant Laptop/College/Office/School/Travel/Business Bag, Unisex Backpack for Men Women Fits Up to 15.6 Inch Laptop Notebook. (GREY)",₹399,4.3 out of 5 stars,77
/Genie-Clara-Backpack-Women-compartments/dp/B097JJGR1N,"Genie Clara Backpack for Women - 3 compartments, Laptop Bags for Girls, Stylish and Trendy College Backpacks for Girls, Water Resistant and Lightweight Bags for Office and Travelling Purpose.","₹1,279",4.4 out of 5 stars,194
/POLESTAR-Casual-bagpack-School-Backpack/dp/B07PQQ8M7B,"POLESTAR Noble 32 L Bag for College, School, Office, Casual Multipurpose Backpack with 15.6"" Laptop Compartment, Water Resistant, Unisex Design, Stylish & Durable, 1 Year Warranty",₹579,3.9 out of 5 stars,"17,695"
/ADISA-SL5038-women-girls-sling/dp/B08Q4FHQLN,ADISA SL5038 women girls sling bag,₹564,4.1 out of 5 stars,"1,194"
/HEROZ-Backpack-Resistant-Computer-17-3-inch/dp/B083N3DCTM,HEROZ Hacker 50 litres Nylon Travel Laptop Backpack Water Resistant Slim Durable Computer Book Bag Tracking Fits Up to 17.3-inch Laptop (058- ALL) (Navy Blue),"₹1,451",4.2 out of 5 stars,"3,878"
/Shoulder-Lightweight-Duffle-Weekend-Blue-Orange/dp/B09139DYF1,"Aurion Vista Polyester Sports Gym Duffle Bag with Wet Pocket and Shoe Compartment - 1Pc (Blue, 24 Cms) | Lightweight Duffle Bags | Travel Duffel Backpack for Men and Women | Camping | Swimming | Yoga",₹349,4.0 out of 5 stars,"1,088"
/Shoulder-Lightweight-Duffle-Weekend-Blue-Orange/dp/B09139DYF1,"Aurion Vista Polyester Sports Gym Duffle Bag with Wet Pocket and Shoe Compartment - 1Pc (Blue, 24 Cms) | Lightweight Duffle Bags | Travel Duffel Backpack for Men and Women | Camping | Swimming | Yoga",₹349,4.0 out of 5 stars,"1,088"
/NORTH-ZONE-Northzone-Business-Messenger/dp/B0C555LQF4,NORTH ZONE Northzone Sling Cross Body Travel Office Business Messenger One Side Shoulder Pouch Bag Money Bag for Men and Women,₹249,4.0 out of 5 stars,38
/Fur-Jaden-Rucksack-Backpack-BM43_Blue/dp/B07PS38XSP,Fur Jaden Hiking Camping Rucksack Casual 10 Ltrs Blue Casual Backpack,₹239,3.6 out of 5 stars,"7,907"
/India-Dell-EcoLoop-Urban-Backpack/dp/B09V1L5TXN,(India) Dell EcoLoop Urban Backpack - Blue - CP4523B,"₹1,999",4.0 out of 5 stars,39
/POLESTAR-Casual-bagpack-School-Backpack/dp/B07PQQ8M7B,"POLESTAR Noble 32 L Bag for College, School, Office, Casual Multipurpose Backpack with 15.6"" Laptop Compartment, Water Resistant, Unisex Design, Stylish & Durable, 1 Year Warranty",₹579,3.9 out of 5 stars,"17,695"
/HEROZ-Backpack-Resistant-Computer-17-3-inch/dp/B083N3DCTM,HEROZ Hacker 50 litres Nylon Travel Laptop Backpack Water Resistant Slim Durable Computer Book Bag Tracking Fits Up to 17.3-inch Laptop (058- ALL) (Navy Blue),"₹1,451",4.2 out of 5 stars,"3,878"
/Lenovo-Carrying-15-6-Inch-Toploader-GX40Q17230/dp/B075Y8294N,Lenovo 15.6-inch Casual Laptop Briefcase T210,₹979,4.3 out of 5 stars,"4,336"
/Impulse-rucksack-60-backpack-trekking/dp/B09TDL9FJ8,Impulse rucksack bags 60 litres travel bag for men tourist bag for travel backpack for hiking trekking Bag for men camping thames blue bag with 1 Year Warranty,₹999,3.9 out of 5 stars,341
/SFANE-Polyester-Shoulder-Separate-Compartment/dp/B08KG7J7L5,"SFANE Polyester Red Duffel Gym Bag, Shoulder Bag, Sports Bag for Men & Women with Separate Shoe Compartment (Black) (Red) Set Of 1",₹387,4.3 out of 5 stars,336
/Glowic-Hopping-Shoulder-Handbags-WBAG-34/dp/B09HHNZ47K,"Glowic Hopping Grocery, Travel, Beach | Shoulder Handbags Women, College Bags for Girls Stylish Trendy(WBAG-34) (Multi Colour)",₹459,3.7 out of 5 stars,432
/Gear-DOUBLE-DECKER-Resistant-Backpack/dp/B0BTJ3WTMV,Gear DOUBLE DECKER 31L Water Resistant Laptop Bag/Backpack/Office Bag for Men/Women (Black),"₹1,399",4.0 out of 5 stars,19
/gp/bestsellers/shoes/1983354031/ref=sr_bs_11_1983354031_1,Lavie Women's Ushawu Satchel Bag | Ladies Purse Handbag,"₹1,249",4.1 out of 5 stars,"6,830"
/Gear-ltr-Black-Orange-DUFPRO2000106/dp/B00Z93WSVW,Gear polyester 44 cms Duffle Bag(DUFPRO2000106_Black),₹431,4.3 out of 5 stars,836
/Wildcraft-Polyester-Black-Laptop-8903338054290/dp/B012D4QKHW,Wildcraft 44 cms Polyester Black Laptop Bag (8903338054290),"₹1,448",4.3 out of 5 stars,674
/Messenger-Water-resistant-Briefcase-Multiple-Men-Black/dp/B0B6G58BYC,"Arctic Hunter Laptop Bag Office Laptop Messenger Bag with 15.6-inch Laptop Pocket Removeable Shoulder Strap Anti-theft Laptop Office Briefcase with Hidden Pocket 4 Zipper Pocket Water-resistant Laptop Sling Bag for Men and Women, Black","₹2,999",4.5 out of 5 stars,106
/Adjustable-Compartment-Lightweight-Water-Resistant-Travel-Friendly/dp/B0C3RDFPVN,"Amazon Basics Laptop Messenger Bag with Adjustable Shoulder Strap, Padded Compartment & Storage Pockets, Lightweight, Water-Resistant, Travel-Friendly, Fits Up To 15.6"" Laptops (Unisex, Black & Grey)",₹799,4.7 out of 5 stars,986
/WILD-MODA-Womens-Shoulder-Turquoise/dp/B099PLT91X,"WILD MODA Women's Shoulder Bag, Set of 1",₹849,4.2 out of 5 stars,"4,050"
/gp/bestsellers/shoes/1983354031/ref=sr_bs_1_1983354031_1,Lavie Women's Ushawu Satchel Bag | Ladies Purse Handbag,"₹1,249",4.1 out of 5 stars,"6,830"
/Half-Moon-Laptop-Backpack-Polyester/dp/B09CMS3K2S,Half Moon 30L Water Resistant 15.6 inch Laptop Bag/Backpack for Men | School Bag for Boys Girls | Office Bag pack for Men/Office Back Packed for Women with Padded Laptop Compartment,₹599,3.6 out of 5 stars,75
/bg1905-Capacity-Laptop-Travelling-Backpack/dp/B082MKHDJ1,TSPARK Red Lemon bg1905 15.6 inch 35 LTR Capacity Laptop Bag for Men Travelling Hiking Backpack for Men and Women,"₹2,949",4.2 out of 5 stars,93
/Wildcraft-Polyester-Black-Laptop-8903338054290/dp/B012D4QKHW,Wildcraft 44 cms Polyester Black Laptop Bag (8903338054290),"₹1,448",4.3 out of 5 stars,674
/Auxter-Premium-Sports-Compartment-Black-Green/dp/B08XWBDGMB,AUXTER Premium Sports Gym Duflle Bag with Shoe Compartment for Men and Women,₹454,4.3 out of 5 stars,"1,281"
/Gear-Beige-Casual-Backpack-BKPTRMP520522/dp/B00VWM11HQ,Gear Cello 26 Ltrs Navy Blue and Beige Casual Backpack (BKPTRMP520522),₹838,4.2 out of 5 stars,"5,673"
/ZIPLINE-Polyester-Backpack-College-Outdoor/dp/B09XN3YD4Q,Zipline Unisex Casual Polyester 36 L Blue Backpack School Bag Women Men Boys Girls College Bag,₹843,3.6 out of 5 stars,112
/Gear-Colorado-Orange-Laptop-Backpack/dp/B097K6KD7W,F Gear Colorado Grey Orange 39 Ltrs Laptop Backpack (3814),₹895,4.2 out of 5 stars,208
/Gizga-Essentials-Organizer-Multi-Utility-Cosmetics/dp/B09WVRKYCJ,"Gizga Essentials Travel Toiletry Kit Bag for Men & Women, Travel Organizer Case with Handle & Hook, Premium Zipper, Multiple Pockets, Multi-Utility Pouch for Shaving Makeup Cosmetics, Light Grey",₹349,4.2 out of 5 stars,162
/Multicolour-Printed-Drawstring-Polyester-Backpack/dp/B09ZL3SCTQ,18 L Multicolour Printed Drawstring Polyester Multi Utility Bag for Sports/Gym/Yoga/College/Casual Backpack – Light Weight/Washable,₹199,4.4 out of 5 stars,6
/SPENZ-BAGS-Backpack-Raincover-Baby-Pink/dp/B0C3RNFHHV,"SPENZ BAGS Travel Laptop Backpack for Women & Men|Carry On Bag, College & School Students Bookbag With Raincover",₹999,4.3 out of 5 stars,121
/Gear-Green-Casual-Backpack-BKPECOBP40503/dp/B019HA8DQQ,Gear Eco4 18L Water Resistant School Bag//Backpack/College Bag for Men/Women - Navy Blue,₹498,4.0 out of 5 stars,"4,258"
/American-Tourister-FJ9-01-002/dp/B07N19CXKM,American Tourister Ohio Polyester 65 Cms Wheel Travel Duffle Bag (Blue),"₹1,999",4.2 out of 5 stars,"1,269"
/Gizga-Essentials-Organizer-Multi-Utility-Cosmetics/dp/B09WVRKYCJ,"Gizga Essentials Travel Toiletry Kit Bag for Men & Women, Travel Organizer Case with Handle & Hook, Premium Zipper, Multiple Pockets, Multi-Utility Pouch for Shaving Makeup Cosmetics, Light Grey",₹349,4.2 out of 5 stars,162
/Multicolour-Printed-Drawstring-Polyester-Backpack/dp/B09ZL3SCTQ,18 L Multicolour Printed Drawstring Polyester Multi Utility Bag for Sports/Gym/Yoga/College/Casual Backpack – Light Weight/Washable,₹199,4.4 out of 5 stars,6
/SPENZ-BAGS-Backpack-Raincover-Baby-Pink/dp/B0C3RNFHHV,"SPENZ BAGS Travel Laptop Backpack for Women & Men|Carry On Bag, College & School Students Bookbag With Raincover",₹999,4.3 out of 5 stars,121
/Gear-Green-Casual-Backpack-BKPECOBP40503/dp/B019HA8DQQ,Gear Eco4 18L Water Resistant School Bag//Backpack/College Bag for Men/Women - Navy Blue,₹498,4.0 out of 5 stars,"4,258"
/American-Tourister-FJ9-01-002/dp/B07N19CXKM,American Tourister Ohio Polyester 65 Cms Wheel Travel Duffle Bag (Blue),"₹1,999",4.2 out of 5 stars,"1,269"
/MOKOBARA-Work-Backpack-Resistant-Homegrown/dp/B0C7QGMGHB,"MOKOBARA The Work Backpack 15.6"" Inch Laptop | Travel Backpack For Men And Women","₹7,499",5.0 out of 5 stars,1
/Harissons-Backpack-Abrassion-Integrated-backstaps/dp/B07P6CNKHV,HARISSONS Delta 39L Laptop Backpack (Navy Blue) for Office & Travel Purpose | School Bag for Children with a Multi-Purpose Handy Pouch and Dedicated Laptop Cradle (15.6 inch) | Water-Resistant,"₹2,099",4.2 out of 5 stars,"1,720"
/Amazon-Basics-Laptop-Backpack-Repellent/dp/B09W43XLBY,"AmazonBasics Water Repellent and Wear Resistant Laptop Backpack - 24L, Blue",₹709,4.2 out of 5 stars,651
/Priority-Disney-Princess-Casual-Backpack/dp/B0849PHNG1,Priority Disney Snow White 20 litres Pink Polyester Kids School Bag | Casual Backpack for Girls (25156),₹349,3.9 out of 5 stars,"4,144"
/F-Gear-Repel-Laptop-Backpacks/dp/B01GTS0LS2,F Gear Repel 30 ltrs Rain and Dust Cover for Laptop Bags and Backpacks,₹249,4.1 out of 5 stars,"2,292"
/Mokobara-Backpack-Leather-Resistant-Laptop/dp/B0B7X8BYQJ,"MOKOBARA The Work Backpack 15.6"" Inch Laptop | Travel Backpack For Men And Women","₹7,499",4.6 out of 5 stars,83
/Gear-Classic-Leather-Backpack-LBPCLSLTH0101/dp/B07G4D13LB,Gear Classic 20L Faux Leather Water Resistant Anti Theft Laptop Bag/Backpack for Men/Women-Black,₹979,4.4 out of 5 stars,"2,709"
/PUMA-Laptop-Backpack-IND-Red-Peacoat/dp/B08BTPS12W,Puma unisex-adult PUMA Laptop Backpack IND III Puma Red-Peacoat Laptop,"₹1,125",2.8 out of 5 stars,29
/Storite-Laptop-Shoulder-Messenger-Bag/dp/B08WZ9KP7Q,"Storite Multi-Pocket 15.6 Inch PU Leather Laptop Bag for Men, Shoulder Sling Business Messenger Office Bag Carrying Notebook, Tablet Handbags for Women","₹1,299",3.8 out of 5 stars,395
/Tabelito-NEXA-Backpack-Business-Compartment/dp/B0C2D4KWQ6,"Tabelito® NEXA 3O L Water Resistant Laptop/College/Office/School/Travel/Business Bag, Unisex Backpack for Men Women Fits Up to 15.6 Inch Laptop Notebook. (GREY)",₹399,4.3 out of 5 stars,77
/POLESTAR-Casual-bagpack-School-Backpack/dp/B07PQQ8M7B,"POLESTAR Noble 32 L Bag for College, School, Office, Casual Multipurpose Backpack with 15.6"" Laptop Compartment, Water Resistant, Unisex Design, Stylish & Durable, 1 Year Warranty",₹579,3.9 out of 5 stars,"17,695"
/gp/bestsellers/luggage/2917438031/ref=sr_bs_2_2917438031_1,"Hammonds Flycatcher Genuine Leather Laptop Bag for Men/Office Bag for Men, Brown | Fits Upto 16"" Laptop/MacBook| Bag with Shoulder Straps | Laptop Messenger Bag/Leather Bag for Men with Trolley Strap","₹4,216",4.4 out of 5 stars,"2,719"
/HEROZ-Backpack-Resistant-Computer-17-3-inch/dp/B083N3DCTM,HEROZ Hacker 50 litres Nylon Travel Laptop Backpack Water Resistant Slim Durable Computer Book Bag Tracking Fits Up to 17.3-inch Laptop (058- ALL) (Navy Blue),"₹1,451",4.2 out of 5 stars,"3,878"
/Lavie-Sport-Casual-Backpack-PERK/dp/B083KT22HZ,Lavie Sport Perk Casual Backpack with Laptop Sleeve | School College Bag for Boys & Girls,₹799,3.7 out of 5 stars,230
/HEROZ-Hammer-Durable-Travel-Laptop/dp/B07MGDFT9C,HEROZ Hammer Unisex Nylon 45 L Travel Laptop Backpack Water Resistant Slim Durable Fits Up to 17.3 Inch Laptop Notebook (All) (Grey & Black),"₹1,359",4.3 out of 5 stars,"8,034"
/Impulse-rucksack-60-backpack-trekking/dp/B09TDL9FJ8,Impulse rucksack bags 60 litres travel bag for men tourist bag for travel backpack for hiking trekking Bag for men camping thames blue bag with 1 Year Warranty,₹999,3.9 out of 5 stars,341
/Wooum-Travel-Business-Messenger-Shoulder/dp/B09MWGV9PR,Wooum Sling Cross Body Travel Office Business Messenger One Side Shoulder Pouch Bag Money Bag for Men and Women,₹349,4.2 out of 5 stars,643
/Gear-Superior-Casual-Backpack-BKPSPRIOR0001/dp/B08GY2ZN96,Gear Superior 16LWater Resistant School Bag//Backpack/College Bag for Men/Women - Black,₹351,3.9 out of 5 stars,309
/SFANE-Polyester-Shoulder-Separate-Compartment/dp/B08KG7J7L5,"SFANE Polyester Red Duffel Gym Bag, Shoulder Bag, Sports Bag for Men & Women with Separate Shoe Compartment (Black) (Red) Set Of 1",₹387,4.3 out of 5 stars,336
/ASIAN-Sling-Bag-women-Handmade/dp/B09SXRZ7FW,ASIAN Sling Bag for Women - Handmade Bags for Females - Jute and Indian Fabric Slings - Side Bags for Mobile Phones and Wallets (Black),₹224,3.5 out of 5 stars,103
/Gear-DOUBLE-DECKER-Resistant-Backpack/dp/B0BTJ3WTMV,Gear DOUBLE DECKER 31L Water Resistant Laptop Bag/Backpack/Office Bag for Men/Women (Black),"₹1,399",4.0 out of 5 stars,19
/Creeper-Womens-Handbag-CR-147-Black/dp/B0922S9BFY,creeper Women's Handbag/Shoulder bag With 3 Zipper Pocket,₹449,3.8 out of 5 stars,937
/Kuber-Industries-Carrying-Multi-Purpose-CTKTC034726/dp/B083J6774T,Kuber Industries Rexine Jumbo Attachi Travel Blanket Cover|Travel Duffle|Storage Carrying Bag|Travel Multi-Purpose Bag|Size 58 x 48 x 34 CM (Grey) CTKTC034726,₹396,3.7 out of 5 stars,918
/Lino-Perros-Womens-Floral-Peach/dp/B0B57B7KV7,Lino Perros womens handbag,"₹1,169",4.1 out of 5 stars,"3,416"
/gp/bestsellers/electronics/1389022031/ref=sr_bs_15_1389022031_1,"Dyazo Water Resistant Camera Bag/Case Shoulder Strap Space for Photography Lens and Accessories Compatible for Nikon, Canon, Sony, Panasonic, Samsung & Other SLR/DSLR etc (Black & Silver)",₹799,4.3 out of 5 stars,417
/ADISA-Backpack-Office-College-Travel/dp/B09Y8FMDVB,ADISA Backpack Office Bag College Travel Back Pack 32 Ltrs (Navy Blue),₹499,4.0 out of 5 stars,205
/Skybags-Unisex-Blith-Jacquard-Backpacks/dp/B0B21Z3DBD,Skybags 22 ltrs (16 Cms) backpack(BPFLE22EBTH_Blith),₹904,4.2 out of 5 stars,36
/Meek-Executive-Essential-17-5Inch-Lightweight/dp/B0C7WKWTZJ,"Meek HP Executive Essential Laptop Bag, 17.5Inch Padded Backpack Lightweight Bag - Grey Black",₹999.99,5.0 out of 5 stars,2
/STRAUSS-Jute-Yoga-Shoulder-Strap/dp/B0BBWM221J,"STRAUSS Yoga Mat Bag Cover with Shoulder Strap with Pocket for Men & Women, Drawstring and Full Zip,(Multicolor)",₹179,3.6 out of 5 stars,739
/uppercase-Professional-Backpack-resistant-sustainable/dp/B0BWNBQXDZ,"uppercase Apex Professional Laptop Backpack (15.6 Inch) 3x more water resistant sustainable bags with rain proof zippers for Men, Women, Boys and Girls, 750 Days warranty","₹1,800",4.3 out of 5 stars,66
/AirCase-C25-Messenger-Shoulder-Compartments/dp/B07X6DV3VM,"AirCase Office Messenger Sling Bag fits upto 15.6"" Laptop/Macbook, Detachable Shoulder Strap, Waterproof, Shockproof, Carry Handle with Spacious Pockets, For Men & Women, Blue- with Warranty",₹949,3.9 out of 5 stars,"1,336"
/Safari-45L-21-OB-BLK/dp/B07BZ5VC4H,Safari Seek 45 Ltrs Overnighter Expandable Travel Laptop Backpack,"₹2,499",4.5 out of 5 stars,"7,247"
/Fur-Jaden-resistant-Backpack-BM100_Brown/dp/B07P5X6NSN,FUR JADEN Vegan Leather 30L 15.6 Inch Laptop Backpack for Men Women for Office Professionals and College Students Brown,₹839,4.2 out of 5 stars,"2,321"
/F-Gear-Enzo-Red-Sports-Waist-Bag/dp/B0862LF7HS,F Gear Enzo Sports Waist Bag (.Red),₹259,4.1 out of 5 stars,914
/TUFFGEAR-Workout-Litre-Duffle-Yellow/dp/B08R7HYFM1,TUFFGEAR Polyester Gym Bag Workout 23 Litre Gym Duffle Bag Yellow,₹563,4.1 out of 5 stars,999
/MOKOBARA-THABF12CSC22001-Briefcase-Surf-Camp/dp/B08SWM8XVW,"MOKOBARA The Briefcase - 15.6"" Blue Laptop Messenger Bag for Men & Women","₹5,499",4.5 out of 5 stars,318
/TAGUDA-foldable-portable-lightweight-organizer/dp/B0B8CSC4F1,TAGUDA travel foldable portable lightweight luggage storage duffle tote hand organizer easy carry bags backpack set for men women travel luggage (Mint Green Travel bag),₹299,3.5 out of 5 stars,86
/Capriff-Liters-Collage-travell-Backpack/dp/B084T7X2HX,CAPRIFF 32 L Casual Waterproof Laptop Bag/Backpack for Men Boys & Girls For Office School College Teens & Students with Rain Cover With adjustable Strap With 2 Compartment,₹539,3.8 out of 5 stars,"3,102"
/Number-Backpack-Compartment-Charging-Organizer/dp/B09VTC876Z,"FUR JADEN Anti Theft Number Lock Backpack Bag with 15.6 Inch Laptop Compartment, USB Charging Port & Organizer Pocket for Men Women Boys Girls",₹670,4.0 out of 5 stars,"4,939"
/ADISA-BP004-Weight-Casual-Backpack/dp/B07G3CG9FC,ADISA Laptop Backpack 31 Ltrs,₹399,4.0 out of 5 stars,"8,968"
/TRAVEL-POINT-Backpack-Multipurpose-DOUBLE-LINE-YELLOW/dp/B0B2JRGLXQ,TRAVEL POINT 30L Laptop Backpack | School Bag | School Backpack | College Backpack | Travel Backpack | Office Backpack | Multipurpose Backpack For Men & Women (DOUBLE-LINE-YELLOW) with 1 Year Warranty,₹489,3.9 out of 5 stars,15
/Capriff-Liters-Collage-travell-Backpack/dp/B084T7X2HX,CAPRIFF 32 L Casual Waterproof Laptop Bag/Backpack for Men Boys & Girls For Office School College Teens & Students with Rain Cover With adjustable Strap With 2 Compartment,₹539,3.8 out of 5 stars,"3,102"
/Number-Backpack-Compartment-Charging-Organizer/dp/B09VTC876Z,"FUR JADEN Anti Theft Number Lock Backpack Bag with 15.6 Inch Laptop Compartment, USB Charging Port & Organizer Pocket for Men Women Boys Girls",₹670,4.0 out of 5 stars,"4,939"
/ADISA-BP004-Weight-Casual-Backpack/dp/B07G3CG9FC,ADISA Laptop Backpack 31 Ltrs,₹399,4.0 out of 5 stars,"8,968"
/TRAVEL-POINT-Backpack-Multipurpose-DOUBLE-LINE-YELLOW/dp/B0B2JRGLXQ,TRAVEL POINT 30L Laptop Backpack | School Bag | School Backpack | College Backpack | Travel Backpack | Office Backpack | Multipurpose Backpack For Men & Women (DOUBLE-LINE-YELLOW) with 1 Year Warranty,₹489,3.9 out of 5 stars,15
/Safari-Formal-Backpack-Anti-Theft-VAULT19CBBLK/dp/B07XSTR69N,"Safari 48 Cms Black Formal/Office/Laptop Backpack With Anti-Theft, Lock, Usb And Rfid (Vault19Cbblk)","₹1,396",4.0 out of 5 stars,877
/Lunars-Small-Bag-Daily-Use/dp/B08N47VTFQ,Lunar's Small Bag for Daily Use - 1 Compartment Mini Backpack for Hiking Camping Rucksack (Black),₹339,3.9 out of 5 stars,565
/Flamingo-Cosmetic-Sichumaria-Water-Resistant-Organizer/dp/B0B1HNQHXD,Sichumaria Flamingo Cosmetic Bag Portable Travel Makeup Bag for Women Large Travel Water-Resistant Zipper Makeup Organizer for Girls Make Up Bag Brush Bags (Pink),₹238,3.9 out of 5 stars,72
/Fur-Jaden-Backpack-Trekking-BM38_Brown/dp/B07LBMV4NR,Fur Jaden Brown Leatherette Anti Theft Casual Laptop Backpack with 15.6 Inch Laptop Pocket,"₹1,769",4.2 out of 5 stars,"1,648"
/POLICE-BRETHA-LAPTOP-BACKPACK-MAROON/dp/B0BLBZSF26,POLICE BRETHA LAPTOP BACKPACK,₹999,3.0 out of 5 stars,2
/Gear-Firefly-Laptop-Rucksack-Liters/dp/B074DWN7NS,"F Gear Firefly V2 Laptop Rucksack 40 Liters (Navy blue, Yellow) Sch Bag","₹1,749",4.3 out of 5 stars,126
/PUMA-Limoges-Laptop-Backpack-7548709/dp/B07D5QZ76G,"Puma Laptop Backpack (7548709, Limoges, 22 Ltrs)",₹999,4.3 out of 5 stars,788
/gp/bestsellers/luggage/2917503031/ref=sr_bs_11_2917503031_1,"DIVULGE Multi Utility Drawstring Bag (Black , 16 L)",₹155,4.0 out of 5 stars,"1,141"
/Nelle-Harper-Womens-Sling-Green/dp/B07JGQM7DC,Nelle Harper Women's Handbag,₹809,3.7 out of 5 stars,"1,906"
/Skybags-Valor-NXT-01-blue/dp/B0BK4857ZN,Skybags Unisex Polyester Solid Valor Nxt 01 Laptop Backpack Blue,"₹1,999",4.7 out of 5 stars,5
/London-Stylish-Passport-Adjustable-246_Black/dp/B07ZFT873B,K London Stylish Real Leather Black Waist Bag Elegant Style Travel Pouch Passport Holder with Adjustable Strap(246_Black),₹335,4.2 out of 5 stars,"2,374"
/MuscleBlaze-Duffle-Women-Sports-Weekender/dp/B0C8BBNB8B,"MuscleBlaze Gym Duffle Bag for Women and Men, Sports Bag, Weekender Bag, Black, 30 L",₹449,5.0 out of 5 stars,4
/London-Stylish-Passport-Adjustable-246_Black/dp/B07ZFT873B,K London Stylish Real Leather Black Waist Bag Elegant Style Travel Pouch Passport Holder with Adjustable Strap(246_Black),₹335,4.2 out of 5 stars,"2,374"
/MuscleBlaze-Duffle-Women-Sports-Weekender/dp/B0C8BBNB8B,"MuscleBlaze Gym Duffle Bag for Women and Men, Sports Bag, Weekender Bag, Black, 30 L",₹449,5.0 out of 5 stars,4
/NORTH-ZONE-Lightweight-Backpacks-Stylish/dp/B0BL3S5NC1,NORTH ZONE Lightweight school bags Backpacks for Boys Girls Stylish men and women Casual Travel Laptop Bag College office,₹630,3.9 out of 5 stars,836
/Lavie-Sara-Front-Sling-Medium/dp/B08JDK6VT1,Lavie Women's Sara Box Sling Bag | Ladies Purse Handbag,₹812,4.0 out of 5 stars,"1,880"
/AirCase-Messenger-Detachable-Compartments-Repellent/dp/B0B74Z4F6P,"AirCase Premium Messenger Bag fits Upto 14.1"" Laptop/MacBook with Handles & Detachable Shoulder Strap |Multiple Spacious Compartments | 2 in 1 Usage | Water Repellent Durable Polyester (Grey)",₹529,3.5 out of 5 stars,67
/Wildcraft-Shutter-Bug-Camera-Backpack/dp/B07GVJ5LZB,Wildcraft Shutter Bug Camera Backpack - Black,"₹3,495",4.5 out of 5 stars,855
/CLOWNFISH-Critters-Polyester-Staionery-Black-Galaxy/dp/B0BVJ526VS,THE CLOWNFISH Cosmic Critters Series Printed Polyester 15 Litres Kids Backpack Unisex School Bag with Free Pencil Staionery Pouch Daypack Casual Backpack Picnic Bag for tiny tots boys & girls,₹799,4.4 out of 5 stars,192
/American-Tourister-40X-09-009/dp/B00FRCNTUO,American Tourister X-Bag Nylon 65 Cms Travel Duffle Bag (Black),"₹2,099",4.3 out of 5 stars,394
/Lavie-Broxa-Womens-Sling-Plum/dp/B08JDG1NKX,Lavie Women's Broxa Flap Over Sling Bag | Ladies Purse Handbag,"₹1,139",4.1 out of 5 stars,"5,919"
/American-Tourister-FS0-11-001/dp/B07S13P8BW,American Tourister Spin 49 cms Teal Laptop Backpack,"₹1,699",4.0 out of 5 stars,"1,479"
/American-Tourister-FU4-01-001/dp/B07YSTZ6MB,American Tourister Popin 31 Ltrs Blue & Green Casual Casual School and College Backpack for Men and Women,"₹1,399",4.2 out of 5 stars,358
/uppercase-Professional-resistant-sustainable-Anti-theft/dp/B0BR1C59R8,"uppercase SealPro Professional Laptop Backpack (15.6 Inch) 3x more water resistant sustainable bags with rain proof zippers & Anti-theft for Men, Women, Boys and Girls, 750 Days warranty","₹1,900",4.6 out of 5 stars,69
/Bangtan-Backpacks-Shoulder-Charging-Accessories/dp/B09K3TPJYL,PALAY BTS Kpop Bangtan Backpacks Daypack Laptop Bag for Girls School Bag Shoulder Bag with USB Charging Port BTS Kpop Accessories For Boy Women Gifts,"₹1,685",3.9 out of 5 stars,31
/FUR-JADEN-Waterproof-Charging-BM25_Navy/dp/B07FMBQ891,FUR JADEN 15.6 Anti Theft Laptop Backpack with USB Charging Port Unisex Bag for College Office Suitable for Men Women,₹749,4.0 out of 5 stars,"6,159"
/ADISA-Laptop-Backpack-Office-College/dp/B0BPVCBFM7,ADISA 32L Large Laptop Backpack Office Bag College Travel Back Pack with rain Cover (Green),₹599,3.8 out of 5 stars,262
/Wildcraft-Hopper-Laptop-Backpack-Blue/dp/B07YNL6H8H,Wildcraft Hopper 1.0 Laptop Backpack 24L (Blue),"₹1,390",4.5 out of 5 stars,8
/FUR-JADEN-Waterproof-Charging-BM25_Navy/dp/B07FMBQ891,FUR JADEN 15.6 Anti Theft Laptop Backpack with USB Charging Port Unisex Bag for College Office Suitable for Men Women,₹749,4.0 out of 5 stars,"6,159"
/Wildcraft-Hopper-Laptop-Backpack-Blue/dp/B07YNL6H8H,Wildcraft Hopper 1.0 Laptop Backpack 24L (Blue),"₹1,390",4.5 out of 5 stars,8
